Feature1,Feature2,Class
0.9028161574580535,-0.37733008930575007,0.0
0.3860998139203975,-0.13908457513846767,1.0
-0.07162693642948788,-0.6867355136235522,0.0
-0.17212133635674084,-0.04702173366261592,1.0
-0.7356136826351558,1.1068819760215638,0.0
0.28720548231807735,0.8626963091437232,0.0
0.3931518162227273,0.17452483042257116,1.0
0.019013159955598602,-0.030157525590349316,1.0
-0.12672440562651777,-1.3410650349139361,0.0
-0.08387039313525357,0.018963572530820455,1.0
1.0155514645464907,-0.7534386449357694,0.0
-0.5577429041914597,0.17728877670486579,1.0
0.19609234444473803,0.026166261567143106,1.0
-0.050974359219042364,1.0415985641859966,0.0
1.0772823766918522,0.280179106987725,0.0
0.7174566764607866,0.41798936280301185,0.0
0.14457336275932386,-0.23273366783335875,1.0
0.9825004896147949,0.5729958413775686,0.0
0.8847358084789287,-0.9037369160992728,0.0
0.0002070194629632538,0.16783373376634453,1.0
0.12645735057913018,-0.5902067746178883,1.0
-0.9375389626682621,-0.5278082389833181,0.0
0.05213266118948238,-0.35250034419895826,1.0
0.8243636470969911,0.21790917128507975,0.0
-0.28980223837033114,-1.0941911265259419,0.0
-1.0804918745006504,-0.053352803320348086,0.0
0.3689294505277362,0.07464703631330556,1.0
0.0032284170626180747,0.040702245847805546,1.0
0.32073740651579685,-0.21587935647884088,1.0
0.20842306535977825,-0.7113658089964122,0.0
-0.08752250791269361,-0.12118056514434022,1.0
-0.09660060002166765,0.023776948216434973,1.0
-0.6065610433226247,-0.7094457823789952,0.0
0.8766256222080308,-0.04049712532762195,0.0
0.834998588844169,-0.4675923442629668,0.0
-0.7494699324905192,0.6663878701151676,0.0
0.08881266488603363,1.19058744866167,0.0
-0.4429425504746147,-0.08179169584331035,1.0
-0.16386500215042604,-0.4420567839126788,1.0
0.1397729730115228,0.3589104075716246,1.0
-0.017363713397406194,1.2260728264886431,0.0
-0.8716620262866671,0.3677865655361204,0.0
-1.105050335996105,-0.41244979390080605,0.0
1.0886302954259115,0.02133760255921477,0.0
-0.09577918675505387,-0.27071064848092324,1.0
-0.11180112082152047,0.009473910933135168,1.0
-0.22351776431089626,0.18741839340992342,1.0
-0.5687478703369989,-0.20605181623307312,1.0
-0.19991363127231043,-0.20945285227485594,1.0
-0.8498959730159499,0.15398858953132075,0.0
0.15194550382316718,0.8775017876294913,0.0
0.2612945551092463,0.40974682593180634,1.0
0.2904000998389619,-0.12105549600673984,1.0
-0.08075210581885808,0.7749598174301245,0.0
-0.013786745888328716,0.28458210132941736,1.0
0.349117724263669,0.9331881961339722,0.0
1.263073611674678,0.4009933269489695,0.0
-0.22815333133720464,-0.0944313329000166,1.0
0.15827895697634778,-0.0774088237829812,1.0
0.09559190316705313,-0.26913543305522825,1.0
0.5671329454065965,-0.5653463065370107,0.0
-1.2082998523304929,0.4946957303580105,0.0
-0.17129512238023825,0.38289879513362424,1.0
0.731342252286209,-0.4867155106314137,0.0
-0.25918948433079436,0.030601891498361483,1.0
0.8578403023707242,0.5832807925627856,0.0
0.05657648660209233,-0.025828639406733134,1.0
-0.022280695164152542,-0.04058370334960493,1.0
-0.6554253530258511,-0.8011334736264302,0.0
0.07574102348852146,-0.1746274264009612,1.0
-0.19727047289827873,-0.1026200492000062,1.0
-0.01806043884679462,-0.3945483574245661,1.0
1.099377023805711,0.2610004832071306,0.0
0.4927065712352934,-0.7007097511158003,0.0
0.24000128215784983,-0.09461893550159205,1.0
1.36446185531401,-0.528498171828167,0.0
-0.9716658546439497,0.14779335509026964,0.0
-0.16102490751752185,-0.14836326758158636,1.0
-0.1500502645106289,0.005925395023362895,1.0
0.9797100443385891,0.533507910927832,0.0
0.1461518540112891,0.23606252239538084,1.0
-0.32622171480766843,-0.05164111575709152,1.0
-0.764565129764245,0.429732106342411,0.0
0.24283481403655605,0.9124173896748349,0.0
0.14832472416092188,0.08863585611998416,1.0
-0.03879311939913399,-0.4464190273743826,1.0
-0.8670134436475622,0.0920133498261366,0.0
-0.2344421374950498,0.03870813455873892,1.0
-0.03455455899969283,-0.29834696026484175,1.0
-0.14705239489854285,0.2089843155162076,1.0
-0.32372812789552197,0.09660154263041092,1.0
-0.20667911560559854,-0.11783008082106494,1.0
-1.0743634532152337,0.5381310873172498,0.0
-0.05153167902110821,1.1570999214769875,0.0
0.4408536172828764,-0.22409400746790886,1.0
0.08829814404055732,-0.3403587664431338,1.0
0.2652322527677967,0.9280515730406357,0.0
0.25221012328522774,0.12116759379596402,1.0
0.02962515533853951,0.18678999765302293,1.0
0.2246298243032765,-0.8143542759119319,0.0
0.1817503425993646,-0.09602632140226407,1.0
0.28942357149147163,-0.22938989458106143,1.0
0.20555533414314703,0.8353805990365417,0.0
0.4880012374853603,0.25824338832325,1.0
-0.21948256794085302,-0.5669714343955147,1.0
-0.03093524619228431,-0.433964643692329,1.0
0.23598928300933342,0.385112869506881,1.0
0.07604930190875815,0.1594890258775299,1.0
-0.4459984529823343,0.9146566954156276,0.0
-0.3387467004186779,0.19681633790958142,1.0
0.9750499530182309,-0.5770429568198374,0.0
0.18649973761993133,-0.22532264631863358,1.0
1.1483507694773822,0.5549827362636458,0.0
-0.08899263526965745,-0.5758828310820278,1.0
0.746594420375496,-0.9261651012104745,0.0
0.017719102020425107,-0.7326517005616551,0.0
0.24062344568954583,-0.10829961190169708,1.0
0.7513267203619685,-0.1592655755406342,0.0
-0.12632401882185842,1.0177698080428086,0.0
-0.8471643850042304,0.48190533235148914,0.0
-0.4871294186303853,0.6936738149048632,0.0
-0.4627864687299135,-0.6101779559587727,0.0
0.31662359646910326,-0.12336647303659734,1.0
0.9170597654873776,-0.9957092816499797,0.0
-1.1942923427261587,0.2342842411716997,0.0
0.1913610003521667,1.377936547982086,0.0
0.6604590611541269,0.1778735274413726,0.0
0.2693512318198442,0.28646871514144767,1.0
-0.17892377130010928,0.05186558299371516,1.0
0.8099839058755525,-0.8975672535666839,0.0
0.12967006914436854,0.010110539836903687,1.0
0.7424886386458746,0.6120441535774558,0.0
-0.2283228665182304,-0.08468065135451958,1.0
0.43343393016647613,-0.7020697487936371,0.0
0.261567987899805,-0.9988608663488333,0.0
-0.17337015848061227,1.0982220804218077,0.0
0.009408462207660617,-0.07871116487225369,1.0
1.0289633103507738,-0.08769037928535361,0.0
-0.3935302897814009,-0.9060053022941656,0.0
-0.7729067063888755,0.7409044437286103,0.0
-0.12282304235428797,-0.30289736288244784,1.0
0.07299770932551225,-0.42191021057669553,1.0
0.3892127802117501,0.32149202031586666,1.0
1.0853659004182927,0.02088178987497713,0.0
-0.5748956026415917,-1.099787854036413,0.0
1.1961368439636257,-0.10265998957883009,0.0
0.8839463547605162,0.4379474933051113,0.0
-0.5677353094948046,0.6845256852599877,0.0
0.13885246406772056,-0.1453874761296716,1.0
-0.22302183616554028,1.0646399697956364,0.0
0.18878238169911982,0.2442238196640666,1.0
-0.274374166516821,0.3130306230490021,1.0
0.035100756181154616,0.09110298819215945,1.0
-0.35265109924972293,-0.38441432758867494,1.0
-0.19038826911604406,0.24236308177239368,1.0
0.09843716231655447,0.02975847202322937,1.0
-0.2372652863868283,-0.9297777925261568,0.0
0.09105832662995278,-0.34367178399997556,1.0
0.9619258388305882,-0.8649730611200368,0.0
0.014589806774162828,-0.843351509059836,0.0
-0.03208954237151082,-0.17869370435138063,1.0
0.48156847838280303,-0.11818121508243959,1.0
0.5168056242891144,-0.6109251439894577,0.0
-0.5964118263840414,0.11056874059326939,0.0
-0.21826877832326116,1.1973801729999645,0.0
0.22390851230568148,0.06760247930190905,1.0
-0.129204957684245,0.7138964648259583,0.0
-0.550836161622846,-0.5979994596138121,0.0
0.11737195939975012,0.06458268978309059,1.0
-0.07772392998339185,-0.04266155940543889,1.0
-0.06995458561490636,-0.25591256918213223,1.0
-0.017321378823828004,0.031010328313961333,1.0
-1.1621206141167708,-0.1701360667484867,0.0
0.2824358827992352,0.236971369343247,1.0
0.43542242105555995,-0.23666347697509155,1.0
-0.40861463572056067,-0.051186489175283456,1.0
1.4308952338854604,0.06788674168348922,0.0
-0.043123652050007455,-0.12026301658380081,1.0
0.8278364154860913,-0.7348849293905122,0.0
-0.009921290330078006,-0.1810341030597784,1.0
0.20097536264796284,1.2174329962717698,0.0
0.6306816701728863,-0.4247880409987234,0.0
-1.099275472126647,0.1829588414459392,0.0
-0.008231691431281551,0.2429141548532825,1.0
0.1481572982133023,-0.8142574273478997,0.0
0.7509521194408408,-0.3185251612910106,0.0
0.5010127565570921,-0.8638331231954874,0.0
0.10975046877149569,-0.0043827263107809045,1.0
0.14677842490461815,0.0846217071622191,1.0
-0.1338313656552694,-0.1375046491704987,1.0
-0.9797779428393502,0.4619081257369082,0.0
-0.9930456740979293,0.7839801778604824,0.0
-0.6606313773803264,0.40210524504213907,0.0
0.08675496009988035,-0.12581087585542483,1.0
0.1334545262309347,0.13838002105949226,1.0
0.1409609745325131,-0.11415233210996643,1.0
0.9331429894612479,-0.4727328140356422,0.0
-0.10701265085780134,-0.39826026549493776,1.0
0.0266280207769079,0.4540237532763419,1.0
0.19399589423433125,-0.09900756677956948,1.0
-0.4793842797034794,1.0020720338186582,0.0
-0.21653593992749007,-0.11791962726342123,1.0
0.11598822387022352,0.16217499864822066,1.0
0.5853803537571491,1.0286932722404685,0.0
0.19120992628456868,-0.15033754436197094,1.0
0.18034113249011285,0.04550974519828957,1.0
-0.20956901407030182,-0.15801036261355983,1.0
-0.38009827110346983,-0.055693710045166114,1.0
-0.5587823785257648,-0.5427285670865032,0.0
0.38718143552641526,-0.7034815632272661,0.0
-0.4056508317968641,-0.03123001332085471,1.0
-0.09461988545369907,0.022626006991845055,1.0
-0.09379143360598956,-0.03302457804104448,1.0
0.01466985449067186,0.10992884632854386,1.0
-0.010959996340027672,-0.1140169453037677,1.0
1.103517536736092,-0.3605556296111882,0.0
0.2664473818275202,-0.5574266014781497,1.0
-0.6138392720854791,1.1456844722064585,0.0
-0.5133118894213139,-0.8613935075190726,0.0
0.5675582258128594,-0.6167316987846585,0.0
0.070678165846426,-0.4012315315219626,1.0
0.6748137549446341,0.21364866406792654,0.0
-0.7720699504403408,-0.907204256703354,0.0
-0.07740511693513191,1.103913456337698,0.0
0.7206355813099397,1.0247401847526438,0.0
0.0526018356995214,0.08021934948002205,1.0
-0.48103265236551435,0.7976248374746442,0.0
0.06913969890355538,0.371785051494277,1.0
-0.17781001464453583,1.0347922260385414,0.0
-0.2567016137104181,0.07849427718594738,1.0
0.3339950746881516,-1.0103349910398398,0.0
0.4280161649565234,0.012147077783676019,1.0
0.1444082299281245,0.25732604475995946,1.0
-0.3897596154435746,-0.8213439365862572,0.0
-0.10913779033312562,0.1283183819900306,1.0
-0.6613707684237654,0.6287628101599284,0.0
0.7328886714661041,0.8686711354962394,0.0
0.12373945417588833,0.19913708712831232,1.0
0.9359837615554826,0.7610240644599413,0.0
0.024391794531843057,-0.011589171137351001,1.0
0.9880601113497701,0.3601127545185021,0.0
-0.3463641651205734,-0.04958130659337878,1.0
0.19068740623497837,-1.1430818571039336,0.0
-0.3634351298973101,0.014597540714261309,1.0
0.14604272943633947,0.17220422224417498,1.0
-0.9485742894333379,-0.48904435456709994,0.0
0.4255115218360126,0.9896283111136579,0.0
-0.20236776138054816,-0.32536839160475517,1.0
-0.04109225316800791,-0.2676720223664572,1.0
0.25628284420771585,-0.2498789714381482,1.0
0.4252157838227575,0.7854058177023794,0.0
-0.00411260279800936,-0.31608349449180734,1.0
-0.018150603774115703,0.16624624284689138,1.0
-0.8939809553764003,-0.3957810360654225,0.0
0.6915744732972856,0.6696664077489816,0.0
0.1253510870181381,0.055840588106514294,1.0
0.36249241999601983,0.19289384806718674,1.0
0.2735967226231183,0.010991329207749027,1.0
-0.7928164407591878,-0.7788205561102106,0.0
0.41467245910060246,-1.1018478479668101,0.0
0.06436161272907666,-1.3480435662897738,0.0
-0.5390939565174814,0.5994421115025426,0.0
0.4239672417679568,0.8298377927637202,0.0
-0.13707484602112058,0.0002515379073840668,1.0
-1.017738632685929,0.16517495654686776,0.0
-0.03631565062792305,-0.2402274144962812,1.0
0.083161256426204,0.21176881403660563,1.0
1.1332993657900055,0.407984815822107,0.0
-0.6853102115344656,-0.45772826413730205,0.0
0.05934634350036529,0.17892580392914273,1.0
0.7960000272265169,0.6055322884629081,0.0
0.16976000660184956,-0.07528446281390794,1.0
0.3299229141491477,0.276335211392973,1.0
0.42533161680466647,0.9400563527935755,0.0
0.29250974172780625,-0.09750937419985742,1.0
1.117174211912275,-0.5328411060666195,0.0
0.3059089594176042,0.17703049001181337,1.0
-0.06895332710180012,0.04253114857115317,1.0
0.1762685237594389,-0.16892677439094245,1.0
-0.0033537172559753303,-0.08329847763233812,1.0
-0.6451725256521359,-0.47801721238982064,0.0
0.4912099519700092,-0.03110618026230544,1.0
0.4547010082232995,-1.1201914337240089,0.0
-0.6365280499105365,0.9399114654939209,0.0
0.5279925009557631,1.331148908692453,0.0
-0.09451662383862994,0.45572646695102226,1.0
0.08543748511426545,-0.2865459472627581,1.0
-1.3119492512985054,-0.12596860487166234,0.0
0.06593777523571276,0.2745383999580399,1.0
0.824096334901365,0.272804241168289,0.0
-0.1059199767890268,0.25084234349690754,1.0
-0.2936857952915899,0.3885380023132907,1.0
0.03730214233208046,0.10102976920143161,1.0
-0.42179235948451954,0.7737406139303175,0.0
-0.5055773615791967,0.17729092216339182,0.0
-0.9436244436285339,-0.3461600488954155,0.0
-0.04565154941725019,0.9034697330028344,0.0
-0.15179858756051712,0.3269125761051607,1.0
0.7029905404216882,0.7586534804776569,0.0
-0.07768800466848297,-0.11330021154859304,1.0
-0.0220092475927336,0.32907991672010406,1.0
-0.35031517650368865,-0.8101428650572808,0.0
0.18611020092572791,0.3674404401856439,1.0
0.23876612336136416,-0.12846515243584788,1.0
0.37657376857148933,-0.9945351510695154,0.0
0.24913992310085087,-0.3049901901484391,1.0
0.43080156256507174,1.288954259635653,0.0
-0.7020508563132293,1.0036826346342114,0.0
-0.8265679909143042,0.5304989671002313,0.0
-0.005700660559053734,-0.12295848870644999,1.0
0.07210852873319593,0.09225290272461154,1.0
0.8210835870611648,0.4424196671331331,0.0
0.4973984553227613,-1.0760645111891356,0.0
0.2995779931439568,0.5104124470161366,1.0
-0.297581132936483,0.1872221440841562,1.0
-0.4154319394856081,0.14570118484091088,1.0
-0.21976032910869955,-0.597852436479801,0.0
0.6045540033102814,-0.6276007406658284,0.0
-0.9896735487504812,-0.5160370943546579,0.0
-0.529159831871074,-0.10473225090839305,1.0
0.4152584300626984,-0.6354788108976386,0.0
-0.019817004346744937,-0.0599710569888193,1.0
0.9210318141343418,-0.11164215762158447,0.0
0.09112069402975466,-0.9426806558905377,0.0
0.3626367735535239,-1.050962148548705,0.0
-0.3020677553937688,0.3081290869912237,1.0
-0.1542558520129127,0.0928630928244888,1.0
-0.25458023153485293,0.00777438860535723,1.0
-0.7080930294942438,-0.20379481643210245,0.0
0.12844410443771176,0.20818673288843678,1.0
-0.10316802325009301,-0.5241540759207777,1.0
0.15514999554195769,-1.0023500079915446,0.0
0.14623080391235674,-0.06242989731262985,1.0
0.8978950707978325,0.73347911696177,0.0
0.1547830963973098,-0.817072570841781,0.0
-0.198486592838262,-0.010033295541394455,1.0
0.8970098032560436,0.09820086935053562,0.0
0.6049553716404432,-0.4694877629554851,0.0
-0.11468405694547121,-0.8046417618554823,0.0
-0.16608423737373923,0.44149097480050004,1.0
-0.28155160769909887,-0.18569465074883212,1.0
0.011145234622568903,-0.015817454223821137,1.0
0.40552291353121395,0.43916490549802567,1.0
0.7926498990712879,0.9586203873626391,0.0
0.14036969573672392,0.05831473717918281,1.0
0.10225367038328384,-0.41635721909163603,1.0
-0.8941839454434983,0.033245250398288975,0.0
-0.20995606293703806,-0.2419994988022255,1.0
0.1735410988742153,-0.4762077835869444,1.0
-0.7260683440305813,-0.7996172779814155,0.0
0.40294312362343676,-0.779860569086778,0.0
0.1466994014885174,-0.2698989567351608,1.0
0.19239239194526903,-0.004270123481613,1.0
1.0944354533395269,-0.5254370006445401,0.0
0.05268485998905394,-0.4881708607905836,1.0
1.31963778253203,-0.07489918285065095,0.0
-0.028938080497406638,-0.2236906166329926,1.0
-0.7396118599797148,0.33518169388926217,1.0
-0.5989634409778283,-0.5400875956994752,0.0
-0.0035465137694649373,-0.27825839533037355,1.0
0.18626079379312055,1.0568302880364113,0.0
0.8748558245857082,-0.5563081565258542,0.0
0.06997894824064721,-0.2626675292750791,1.0
0.7065267441613955,-0.5394192629064665,0.0
0.9170426923554319,0.5103582740465819,0.0
-0.5092472030950379,0.7768655528991346,0.0
0.004523183345971904,-0.08691546649130805,1.0
-0.08036633848200493,1.212646743982524,0.0
-0.9283170792527711,0.6764665461600569,0.0
0.019400264695944372,-0.08111204402212858,1.0
0.1064661502616768,0.3971648945231368,1.0
0.10750238123236783,1.2458683512074196,0.0
0.8075111558080464,-0.4361403903046095,0.0
-0.09122558984903373,0.09219582948880276,1.0
0.09454007219092468,-0.25956027181613905,1.0
-0.300148693742024,0.2214813966560787,1.0
0.005434226644765894,0.1747035145171949,1.0
-0.2098319466904594,-0.1545296006745853,1.0
0.06779533887506764,0.4012714933293028,1.0
-0.16102636928254935,-0.1268300993655161,1.0
0.23124198567110194,0.8439671830999109,0.0
0.6096999272157293,0.43789057681936083,0.0
-1.041610435245976,0.1701441348234935,0.0
-0.5271847641136703,-0.8004455779574358,0.0
-0.05645260796075745,1.0660773396487262,0.0
0.49350337317000575,0.9000842022366661,0.0
-0.09114503301334054,-0.9685792664580215,0.0
-0.28540748803038685,-0.036578334902488574,1.0
-0.47646957211282037,-0.1419721916368123,1.0
-0.9696106588403545,-0.6021619585304874,0.0
-0.8685881192244207,-0.1536075414896537,0.0
0.19213317725869475,-0.028128140944186364,1.0
-0.27094910094671765,0.03534938559572179,1.0
-0.323923497817059,0.2493370666358785,1.0
0.6038205551846403,-0.9225822601435177,0.0
-0.9556378802730977,0.9537922541661745,0.0
-0.4095066949305996,-0.8317108690664686,0.0
0.8244791307580145,0.7326070364973485,0.0
-0.38730209826311407,-0.21791005640431066,1.0
-0.36743291935279965,-0.08994595651587031,1.0
-0.25619392898293347,1.1812732202370633,0.0
-0.3495098845293244,1.0102849447345017,0.0
0.4352820035760972,0.49201659901171385,0.0
0.8307077981614214,0.7395559234051888,0.0
0.943436086615904,-0.40167926908052914,0.0
-0.8496317398049437,0.6546705318381455,0.0
0.4521801099337416,-0.6199716396379931,0.0
0.2795729166015827,-0.7678549676259706,0.0
-0.10382506163577107,0.14581702456173593,1.0
0.9000030050483939,0.8125048560101162,0.0
0.8223660130379692,-0.852071912175929,0.0
1.239907657447783,-0.21056273513826657,0.0
-0.42623453195670646,0.22899507296890992,1.0
-0.3257703252153578,-0.7130037883112393,0.0
-0.8988192881142592,0.14537680770110262,1.0
-0.0823533110650406,1.385170625787988,0.0
-0.5044690889603587,0.22797621069208646,1.0
0.9289087438571912,0.4478624459336167,0.0
0.022866108740973334,0.017166966582076976,1.0
-0.1018714911514652,-0.053350412445964224,1.0
0.16441895358559366,-0.4154978352280352,1.0
0.2205387999375333,-0.5571538380410215,1.0
0.16203375176464507,-0.06416185261757822,1.0
-0.15752438821898257,1.1792729856267568,0.0
-0.051354916938554,-0.2912894285418238,1.0
0.21287936823738493,1.1637343281755796,0.0
-0.06273030867150861,-0.2945583770995227,1.0
-0.6278386475083806,1.3770814720919549,0.0
-0.356833955425694,-0.22086938479865392,1.0
-0.05461446873328393,-0.291356634710774,1.0
-0.6135114091087576,-0.5149652817208427,0.0
0.21612777829778204,-0.23524383994983322,1.0
-0.2991110535876169,0.6104100059062013,0.0
-0.8567094084144078,-0.7599044938911916,0.0
0.09950549598402911,1.1230153503708986,0.0
-1.2629360710981943,-0.3193066939820315,0.0
-0.05542298524415004,0.3139153874474896,1.0
0.26256934636542834,-0.293282725144191,1.0
-0.46849463134111746,-0.06770978208014189,1.0
-0.15139070704360447,0.01497385501482168,1.0
1.2747652781348926,0.00672595007574639,0.0
-0.21059716859136207,-0.19289143399095474,1.0
-0.3969144931459826,0.9580963304012163,0.0
0.01735754563807701,-0.5540492564613145,1.0
0.4862175777004012,0.6254303309781326,0.0
0.018180457159107405,-0.41606421812168437,1.0
-0.9043311683162137,0.2605123104395731,0.0
-1.0513002719443365,-0.691170991443818,0.0
-0.06847563887761725,0.2077607981598088,1.0
-0.5514915008514888,0.8125076149249031,0.0
0.20078271006326198,0.26143116529891797,1.0
-0.23753922218320556,-0.22005361771601148,1.0
-0.46092450155154846,0.17602681263101533,1.0
-0.580375448363551,-0.5623880816201456,0.0
-0.325645454968301,-0.17868724015271212,1.0
-0.8392805548353723,-0.5183038148118532,0.0
-0.5123398922748553,1.131664659181844,0.0
-1.204137641826707,-0.4606140164286905,0.0
0.20054383125516087,0.0019809496464631426,1.0
1.1818194367765844,-0.1586491368903073,0.0
-0.12849321791955876,0.25703436842207494,1.0
0.539729602657899,0.6578253374121193,0.0
0.224554970866303,-0.3246239804940819,1.0
-0.9043142035199401,0.6228686167784094,0.0
0.06623180166802833,-0.025697614687415892,1.0
0.5641120184282343,-0.7890086032861955,0.0
0.42730948926446477,-0.17152222899885175,1.0
-0.10080900416274992,0.06934982742953488,1.0
-0.967523208419621,-0.3331617002530324,0.0
-0.6071371248863948,-1.0059021572012385,0.0
-0.0848732273244423,-0.21825997258291113,1.0
-0.26890158542604015,1.1697901494487415,0.0
0.2827558379032253,-0.15008069577916075,1.0
0.29638766900166047,0.8029042171591256,0.0
-0.2001315802390729,0.37595870901623635,1.0
0.8295074330598287,0.19795656305997458,0.0
0.12414003823990298,-0.06740927501058684,1.0
-0.023314224238351042,0.9406181143255922,0.0
-0.05510919404263571,-1.099434386347912,0.0
-1.3560355743756787,-0.09502143322332146,0.0
0.9299700661029395,0.8157934892294934,0.0
-0.1564218900974132,-0.12699661660601277,1.0
0.042054473669114384,0.05510187161529012,1.0
-0.21605727831432886,0.07426277849926241,1.0
-0.21640975318182518,0.5108712040019721,1.0
1.3315936393268035,-0.019550378374555366,0.0
0.021995106314926405,0.1810639427173028,1.0
-0.32219607362254293,-1.1176832324819528,0.0
0.2786359526673984,0.038335887658513146,1.0
-0.8893249935813463,-0.5248687232190123,0.0
-0.7013289598832816,0.6007509100793392,0.0
0.31192201381463613,1.0507703346269022,0.0
0.36499836675707714,-1.133351053071054,0.0
-0.29099087418324104,0.07552461845223506,1.0
0.7257547749695272,-0.45479385039761966,0.0
-0.11796923360896427,-0.17686795800506597,1.0
-0.030463193759064866,-1.2204117798909278,0.0
-0.8259538065123906,-0.2073395771229645,0.0
-0.4777729602258807,0.5133938970240193,0.0
-0.25340757739038544,1.3268958170070684,0.0
0.6787629240370641,0.43880610056152775,0.0
-0.8485432329131655,-0.2459888865965998,0.0
-0.16007418513890412,-0.09406397668242585,1.0
-0.6511997625050734,0.840663380169744,0.0
0.8320370945720512,0.02173537540791638,0.0
-0.7850331854978392,0.554541728092132,0.0
0.7988091236181005,0.48808137284054687,0.0
0.6674319656297916,-0.1261865786496379,0.0
-0.3649659158294657,-0.8178190229906923,0.0
0.9110262884164071,0.45101307584345085,0.0
0.37623721979717656,0.18145873906085389,1.0
0.7392424337176525,-0.44435737172888917,0.0
0.7486078005369344,-0.5040062918794666,0.0
-0.844941236512838,0.34043068898639084,0.0
-0.6613387112560566,-0.8734502157580386,0.0
0.241678572911468,-0.1239099601404236,1.0
0.21458077168830986,-0.057559735024027586,1.0
0.22109981612785695,-0.04624378037044957,1.0
0.9589924046786469,0.3210604970154232,0.0
0.12334078300103632,0.19337321274229644,1.0
-0.2090201580911341,-1.2346591364785116,0.0
-0.013758233135103083,-0.3144781759746015,1.0
-0.02573304849725061,0.0819668761308871,1.0
-0.8298134626814833,-0.13354001007950156,0.0
-0.5000527281230144,0.2676916291739451,0.0
0.11639334971001628,0.32580057619487235,1.0
-0.5781353196378083,-0.01584218686066763,1.0
-0.3796952869660731,1.143343790101062,0.0
0.0940529574119251,0.3911001269855307,1.0
0.30358889906693953,-0.15136636676390647,1.0
-0.22024427176803388,0.38220625250203044,1.0
0.20053748114728187,-0.9460597109254368,0.0
-0.30334569271578626,-0.6517702133713859,0.0
-0.05035315354211975,-0.07367594897439284,1.0
-0.31604535931108124,-0.29433407478199985,1.0
0.47292613123263827,0.3576046454062075,1.0
1.1259574685976352,-0.15370013072601232,0.0
-0.33054793667076515,-0.8706710421919959,0.0
-0.4735918452315094,0.8794828539359772,0.0
-0.9335663627793837,-0.48250639902682474,0.0
-0.09306962914254682,0.31447495444279094,1.0
-0.2799716906651268,0.8517184659636754,0.0
0.08841628459230144,0.7230346903877644,0.0
1.0264895397237856,0.01518891248993573,0.0
0.4349598853783029,-0.3987673258930387,1.0
5.2630510138040876e-05,-0.0578022389249761,1.0
-0.7659064914142223,0.6386857159885417,0.0
0.8429248812333557,0.18234023702360785,0.0
0.12868868222117724,0.34849107313107397,1.0
-0.4557669662598833,0.9751181641078653,0.0
-0.12496469534625994,0.019186110157489694,1.0
0.5841360111842093,-0.5725400101775628,0.0
0.16832579329836522,1.08515627147489,0.0
-0.10739958600495847,-0.28792922588561426,1.0
0.21471895933557508,0.4755010543257772,1.0
0.2785214029501722,-0.03100998386231757,1.0
-0.39652691903247417,0.035244638910692516,1.0
-0.7099777863510259,0.8760946858194263,0.0
-0.11202001184483854,-0.18060252275933505,1.0
-0.3153973947577545,0.05688732277887876,1.0
-0.10168994984778167,0.22841579954681224,1.0
0.06789339629821099,0.12700497320497817,1.0
-0.1005680603109454,-0.1310900167783473,1.0
-0.9886272399937689,0.6362337362810255,0.0
0.2214235904293498,0.303587769376198,1.0
-0.29682984194510276,0.11440272102014336,1.0
-0.23376314867576165,-0.17679926366656423,1.0
-0.8764501055725635,-1.0934623171002105,0.0
0.2600138828093804,-0.023594612187239683,1.0
-1.1130904191682514,0.49829721952345674,0.0
0.28722022110586964,0.1249840461304955,1.0
-0.2604518437055814,0.24115106335539163,1.0
0.3193088145737448,-0.657832799235615,0.0
-0.20378623709142643,0.1866871285919321,1.0
-1.0216837570730017,0.15004326893261755,0.0
-0.9576783281630774,0.7281928104755085,0.0
0.42167361431474937,0.27968897625116995,1.0
1.2161631737577987,-0.5443401333876949,0.0
0.26236551029358446,0.29718267995735503,1.0
0.5513534940270581,-0.7505326485218339,0.0
0.18098192821297643,0.8863115996921637,0.0
0.6592817237764204,0.9556457723965917,0.0
-0.02182163489073284,-0.3835005428620696,1.0
-0.18640912829698653,0.11785522313668001,1.0
0.04721316783885823,0.21096792172573084,1.0
-0.30399516750934974,-0.008970716584598304,1.0
-0.19090574094677962,0.01982720208862708,1.0
0.3011944018662971,0.1355205408868673,1.0
-0.42806554629209903,-0.3450352610273458,1.0
-0.03801177044242752,0.2309935964025456,1.0
0.029782109623793147,-1.1616879770042983,0.0
0.16394959032994216,-0.11243481592836235,1.0
-1.0730263077006403,-0.0888209284336068,0.0
-0.4422129643800474,1.1417938233626534,0.0
-0.9287777103536978,-0.3589045420799673,0.0
-0.6046031341613595,0.8104116056738035,0.0
0.5646134988928004,0.596865946911747,0.0
-0.6740521905608177,-0.0722114600624589,0.0
0.6175531927067079,0.14762456275530644,1.0
-0.1576335119983278,-0.023048156326894248,1.0
0.931159745825741,-0.1552617848218715,0.0
1.3493446211084894,-0.3715308945842006,0.0
0.033639399001830744,0.03513604473611609,1.0
0.017367961705655938,0.48783528120031405,1.0
-0.04002479919062088,0.9634082706354866,0.0
-0.9667881308879391,0.17483840119536107,0.0
-0.4126077942266845,0.8400711706816484,0.0
0.24432810736510946,-1.0767330483732553,0.0
-0.0696773859459876,-0.042517963559694616,1.0
-0.4182023719573183,-0.1691272733887269,1.0
0.8236948717496918,0.9389099851136933,0.0
-0.11643395298988041,1.074211676997245,0.0
-0.13251027368638793,-0.1729326446865429,1.0
0.13564181474300788,0.233472874145395,1.0
0.05328929901476642,1.331545448593084,0.0
-0.126007939052564,0.03458831413431909,1.0
-0.11859577793159748,-0.6432790417900678,0.0
-0.5660951166106645,-0.9036591890680594,0.0
-0.2219072874044643,-0.027301470285819127,1.0
-0.5194428570166542,0.6598224577159348,0.0
-0.37135292963960964,-1.2065419913406399,0.0
0.2377045691560975,-0.062222687059306586,1.0
0.914915962580707,0.49667764757513,0.0
0.06516107167060964,-0.0071135515475724,1.0
-0.045547733256356,0.10435205642086592,1.0
-0.030740199588345937,-0.15959669409772348,1.0
-0.0662670665936261,-0.009150131849509635,1.0
-0.8455743475617837,-0.3863151878451442,0.0
-0.4219834681418797,-1.0199131245671527,0.0
-0.9203660645168829,0.6414980451216962,0.0
0.8347667962473373,0.6575999165826559,0.0
-0.6942887597102819,-0.6108923466299165,0.0
-0.9363730927031247,0.5265453560894154,0.0
0.9704330063668809,0.24715243195536796,0.0
0.9826934533578796,0.5527046234236411,0.0
0.13343599717912474,0.03089952332106044,1.0
-0.5490144355041938,0.6072864082755132,0.0
0.3536175233241575,0.1553950421691802,1.0
0.00843675912763546,-0.4257888086552631,1.0
-0.6064926565090158,-0.8300056741558398,0.0
-0.7654495123657267,0.0056106606702047285,0.0
-0.3363919722516455,0.35112862941333167,1.0
1.0120145182413594,0.2574453837607688,0.0
0.104816338304066,-0.02765992889537859,1.0
0.7694639593669592,-0.9059661662050492,0.0
0.04605190313620475,-0.16253793304257314,1.0
-0.323823671804219,0.12362116330365688,1.0
-0.37745012862093824,0.331089736158077,1.0
-0.1099042954739225,0.2709945374768893,1.0
0.6983270235440618,-0.256948580693996,0.0
0.0459040970654464,0.9872430642964679,0.0
0.8873091511778626,0.7883577803288423,0.0
-0.049043600774614476,-0.03424311847230055,1.0
1.0876510888433715,-0.12200534095712014,0.0
0.5674574144913507,-0.3866292482146666,0.0
0.6661876763311023,-0.4143273582729071,0.0
1.0491606621725764,0.46879961784902835,0.0
-0.0684267073855005,1.0743937804555324,0.0
0.665788364213572,0.24811621294726544,0.0
0.11585798901882091,-0.47055207423756035,1.0
0.17409418689613615,0.1763952412648105,1.0
0.9631420150538593,-0.03834084284780924,0.0
-0.42394930928669794,0.7068417207053884,0.0
0.21102853973008562,0.5358063673801113,1.0
-0.13984024476317927,-0.8959856225916613,0.0
-0.4862221827046576,-0.9056232287032367,0.0
0.9687478474590293,-0.12148160550532518,0.0
0.8472727896393354,-0.5781901057637298,0.0
-0.47536695471983065,0.8887126115144746,0.0
0.06935369318512272,-0.47386897317702614,1.0
0.31828781225656566,0.2536643409548041,1.0
0.010159729873583823,0.08796395838830251,1.0
-0.3089858810933185,-0.1734975304643623,1.0
0.2677826106597424,0.25751332644816854,1.0
0.02726550193720377,-0.1105824650565877,1.0
-0.9366475598360718,0.532610212054042,0.0
0.6129291089816111,-0.0956172973970767,0.0
0.25132269084920617,-0.5226184473432358,1.0
-0.13287043044349114,-1.4046415385677027,0.0
-0.10103934912795254,-1.027635534234522,0.0
0.058158213939486475,1.0804140596793756,0.0
-0.05264317080923642,-0.05947847146340954,1.0
-0.032607201842584435,0.19448374033203977,1.0
-1.0084821266585622,0.3113643007146761,0.0
-0.16320925272796843,0.15822133525253118,1.0
-0.1572887465732523,0.4238992772856053,1.0
-0.037279617309668944,0.43737930496648336,1.0
-0.05047276550164062,-0.08807175270402547,1.0
0.6667677569327906,-0.671526833385163,0.0
-0.7615744570208212,-0.039190057945176895,1.0
1.2879904031096252,0.24438165813615595,0.0
0.6894102326096576,0.3632466169247263,0.0
-0.46846578494070396,0.7023267848602136,0.0
-1.0942266966591319,0.4444942569428838,0.0
0.9970217038295623,0.35596216634126526,0.0
-0.4010532205117335,0.9005011278660452,0.0
0.19736123544472559,0.16090362058036503,1.0
-0.05790774229447394,-0.17073862304432524,1.0
0.7441883877114521,-0.8851039105034251,0.0
0.7693468591253412,0.23390492564890464,0.0
0.17792763122052252,-0.16040918716621455,1.0
0.25072355420874864,-0.2090510566439532,1.0
-0.10492864491142695,-0.23445645461406556,1.0
-0.22068101056889294,0.08593664784262844,1.0
0.08012222181395703,-1.0646493184177963,0.0
0.541391203756161,1.057760880481912,0.0
0.3313569617486396,0.07251744506225774,1.0
0.057082910003111956,-0.8937645471704696,0.0
-0.10492571708504025,0.46840999520922544,1.0
0.050399748839255715,0.017970570804093172,1.0
0.1804168200203261,0.7358979501565195,0.0
-0.7924187939769491,0.007602095803822338,0.0
-0.6183820846992287,-0.9603724035660065,0.0
-0.07353364274728391,-0.02667508018118782,1.0
0.8866367347530094,-0.7505664338587108,0.0
-0.5931557680507502,0.5620420355052511,0.0
-0.18779333185277008,0.07041152314392238,1.0
0.8822714807759233,0.83436435909756,0.0
0.3771150034420292,0.8786930488265388,0.0
-0.004004271895569025,-0.02354888766349103,1.0
0.1386581873530889,0.9536546391914004,0.0
0.5596024189707274,0.9482562520777739,0.0
0.47827613904447336,0.08103824823461422,1.0
1.1059066855341317,0.38354103671281387,0.0
-0.49599839225512765,-1.0360619284195842,0.0
-0.4105498048080068,0.5972501909311696,0.0
-0.1058402917332697,-1.463792173155745,0.0
0.35311465485220983,0.6816110364163608,0.0
-1.236233025105876,-0.0618998760708904,0.0
-0.16693042137412142,0.300077745064095,1.0
-0.17642683817868654,-0.029467479883727322,1.0
-0.05240068967239381,0.9401586411608215,0.0
-0.03398570460629171,-0.21354677887528714,1.0
0.08368294888204325,0.15251223438534514,1.0
0.7741362171842728,0.4885171764222507,0.0
0.005085926906119115,-0.047485923178047895,1.0
0.8971179765170675,-0.3604335523309802,0.0
0.2584324455305003,0.15573267057356682,1.0
0.9396581365065306,-0.3672469158715447,0.0
0.9429976585660137,-0.6683923616789851,0.0
0.7680142541437682,-0.7146085125543005,0.0
-0.01607386355067425,0.2509052436193043,1.0
0.3436883616298625,-0.9623959495391563,0.0
-0.93365681785043,0.38149443060722066,0.0
-1.383576193590466,0.04342979241601607,0.0
0.21710031449614736,-1.0958435857430546,0.0
-0.23531470822207845,-0.3583543398932947,1.0
0.020902973412735015,-0.34406594458309014,1.0
-0.8833209818077896,-0.4180680144837347,0.0
0.2625810585335352,0.7513293779985837,0.0
-0.06664953895290654,0.18354377431372482,1.0
0.20357297071813085,-0.7990960154617597,0.0
1.0402668876449652,-0.1192063071945506,0.0
-0.1872333306991732,0.150881660427596,1.0
-0.038152364894644505,1.265309762579462,0.0
1.1264850589578597,0.5207715425642955,0.0
-0.90950569680624,-0.8171624928572565,0.0
-0.48668831514086486,-0.6545919394958606,0.0
0.015461048980436584,-0.007979109664463024,1.0
-0.751783750131159,-0.4356313283744256,0.0
-0.7258990743679725,0.23277900637750046,0.0
-0.1176116707235633,-0.4061537458873729,1.0
-0.20709470880820335,0.07007799074244897,1.0
0.42031606095119034,-0.09682509565292383,1.0
-1.0370017732695038,-0.4314177759286585,0.0
-0.06430533439205635,-0.04069460975510081,1.0
-0.47875446070011296,0.7804719901600611,0.0
0.003428496752755472,0.06421537370992796,1.0
1.0611841711866592,0.6381502910452914,0.0
-0.014406184956774759,0.9233369708654767,0.0
-0.6528797161744897,0.6550291427529437,0.0
0.9502835624718683,0.6739312886727594,0.0
-0.027744295668265473,0.1921715508118253,1.0
-1.2179191406606358,0.4786264360951621,0.0
-0.47775153207127186,-0.03539396824775267,1.0
0.09111527302085129,0.013501968333810524,1.0
-0.1490361502157803,0.18133079579420625,1.0
1.1909938115371383,0.13823697773651478,0.0
0.17068741861435807,0.30728937513011456,1.0
0.620391106204023,0.6701963602868966,0.0
0.4955706837704097,-0.9624017338075364,0.0
0.7688468532868983,0.7156560118475991,0.0
-0.48272368608789484,-1.0701335336187832,0.0
-0.2743380002932907,1.0288307402552666,0.0
1.1566451394266604,-0.42174298015235806,0.0
-0.6399268487977391,-0.7913503769493307,0.0
0.006725956989229953,-0.12627080205886537,1.0
-0.007912763385728105,-0.053299867842678136,1.0
0.32690910133234363,-0.5269830152886008,1.0
-0.6816847693620567,-0.14927045121767754,0.0
-0.3863119882360869,0.7929863409624442,0.0
-0.84216305281236,-0.8414934348880422,0.0
0.6282883364385115,0.7173382915767094,0.0
0.9723736546632487,0.43670661825829127,0.0
-0.9759494155172075,-0.41482311129479965,0.0
-0.7611913173971947,0.8555843844786954,0.0
-0.7383940155828522,-0.7263683963079355,0.0
-0.021140105162152076,-1.3029795327298022,0.0
0.14419421598740387,-0.46282328254029387,1.0
-0.27634971242960454,0.2936645188909276,1.0
-0.23339797785958383,0.0034952433971901786,1.0
-0.07881484138427079,-0.21842138213885964,1.0
1.3726663762996179,0.13513512389581747,0.0
0.05635785323135427,-0.32693470889600906,1.0
1.0011341348300205,0.42194495433643053,0.0
0.49621358159155105,-0.31417771006634865,1.0
0.46411034850705035,-0.21921482273618492,1.0
0.3053880531367158,0.1438018687836257,1.0
-0.11668859429731523,0.7792638694756667,0.0
0.18060244187532704,-0.5030360715453306,1.0
-0.29166424048097084,-0.11547069910042534,1.0
1.0152741158347907,0.7744930424356102,0.0
-0.17938211602040716,0.18854283360910268,1.0
-0.5234397523819091,-1.3333797285777569,0.0
-0.015603318481774875,0.2243103290262467,1.0
-0.7159674487014656,0.5596082012870728,0.0
0.8543174124882857,0.14191090349177315,0.0
-0.14732937548858233,0.004411494118461506,1.0
-0.16366542770264494,-0.12296310042049885,1.0
-0.2643997495836735,-0.09033647776765827,1.0
0.13557133561671095,-0.10990919756394096,1.0
-0.044021158141111856,0.4223087062839506,1.0
-0.9568702946546863,-0.019713665397422364,0.0
-0.7065477735181338,-0.23689477809302495,0.0
1.1148234974321323,0.4251874536466901,0.0
0.30035629607879655,-0.11273403224695872,1.0
-0.05282002193438407,-0.3247844465337696,1.0
0.09341115994363722,-0.010706982886873134,1.0
-0.3827256752066435,-1.0511572088735806,0.0
0.30646291921904417,0.45100857143440043,1.0
-0.18481892658285823,-0.6295895180086335,1.0
-0.3932429391484471,1.1293423567467864,0.0
-0.01998183757773593,-0.04279117205630373,1.0
0.38883445335967326,-0.07028796644952263,1.0
0.1135589282641914,-0.26421348313752935,1.0
0.6227621685585412,-0.7301930605572314,0.0
0.17608443811882077,0.16076531642650826,1.0
-0.6948709549570804,0.5698292038878592,0.0
0.48386561783045523,-0.16455828441740727,1.0
-0.6721000225200746,-0.7807664530754869,0.0
-0.36045004886045395,0.23744695866171767,1.0
0.2699834225712828,0.10646589971206606,1.0
-0.6872022047054283,-1.114179512109405,0.0
-0.812110195929326,-0.44967433560945075,0.0
0.10634222986445321,0.327539757724076,1.0
-0.9138583917461696,-0.04727268695846207,0.0
0.13612583697351913,1.0818933315724353,0.0
-0.14934193869903448,-0.48229799372035936,1.0
0.2557508677195184,0.45738268939945176,1.0
-0.5898905119818179,-0.869740697512589,0.0
0.1393323504720497,0.109482612637164,1.0
0.5146596032816858,-1.0782139567556712,0.0
0.08378143367028816,0.45627524250139173,1.0
-0.7621900743305707,0.1242346786686167,0.0
-0.048474590910200635,0.0036015174606754963,1.0
0.1696485095438615,-0.385983321287851,1.0
-0.010262361489892877,0.23123865036311853,1.0
0.8706930863295995,-0.44487803787414165,0.0
-0.2698973084273441,-0.11983585967608822,1.0
-0.5059877081452584,-0.2593064489864885,1.0
-0.22155570413532522,0.019782872557873504,1.0
-0.46237271324464424,1.0032808511021776,0.0
0.9101597620213276,1.192632844335835,0.0
0.06756057688483402,0.026418966339229966,1.0
0.056643932232643864,-0.15423807302637985,1.0
0.9731480937075268,0.6661339031762002,0.0
-1.052971413028643,0.22906475833959036,0.0
0.6276440497587933,-0.5459626196897788,0.0
0.0012413257498841007,-0.16365323733411458,1.0
0.10621953533011935,0.033428724744367116,1.0
-0.013378805299607987,-0.4069261222150452,1.0
0.13157957240796275,-0.6754892552389428,0.0
-0.07124366988052203,0.34912507406912313,1.0
0.1111524995562204,-0.1599211646102477,1.0
0.2171938200573968,-0.1916047226309444,1.0
-0.32064055420515186,0.00025612762927071375,1.0
0.13762336640471085,-0.053275079318111124,1.0
0.8453884509433292,-0.25183688766283574,0.0
-0.1646791610316136,-0.10931958137194979,1.0
-0.04507000569467798,-0.1510563964116433,1.0
-0.4841119041208275,0.7413536933901134,0.0
-0.018936749125529007,0.18681843603338544,1.0
0.23493256577041594,0.05715095093422656,1.0
-0.01917688014438218,-0.5039092697610372,1.0
1.0940164883556047,-0.36416918192034314,0.0
-0.04814338026023404,0.19525924082748797,1.0
-0.2574512200886247,-0.11252589559181465,1.0
-0.8543827547153863,0.34301318180990276,0.0
-0.4727789293988765,-0.22494549198396957,1.0
0.005546560719019274,0.3992060848735962,1.0
-0.14196253781208268,0.8885945794603025,0.0
0.06946883187089226,0.24384296735626723,1.0
0.32392080423891534,0.02139416328020286,1.0
-0.4283487111808963,0.47688894949045424,0.0
-0.4827329719023312,-0.35273527474933963,1.0
0.7947568883624495,-0.7254613963679126,0.0
-0.12676480720346817,-0.10224523875852261,1.0
0.8510034221899082,-0.2561803114240726,0.0
0.12388605802624116,-0.005350360201408139,1.0
-0.16098709120214308,0.7199978575164967,1.0
-0.04125303206116218,-0.06063566674355719,1.0
-0.2998571867950073,-0.08130692516395346,1.0
-0.548072954049665,0.6589480886065013,0.0
0.7165958283264063,-0.8756151681225074,0.0
-0.4903143917623133,0.23397382154947746,1.0
-1.2679183273828154,-0.22965893545897653,0.0
0.63578908665305,1.2519230610740486,0.0
0.16055657671895562,0.00788399169264814,1.0
-0.8300037320779604,0.7359300955434671,0.0
-0.5387687412952483,-1.0309904079808152,0.0
-0.6165475288973029,0.8596218234355182,0.0
0.1361679832934221,-0.10836700726488355,1.0
-0.6888588279045081,1.0922653112152405,0.0
-0.14149235791905906,0.1275842714430451,1.0
0.9067577898460715,0.705479835191639,0.0
0.8063988757317406,0.6717936676485612,0.0
0.468623430435807,-0.26617005751633604,0.0
0.062223998021322,0.20695740990035275,1.0
-0.006710390868087331,-0.15597479655814495,1.0
0.35992380780836974,0.12594366876651683,1.0
1.2713546572812737,0.2843867484218419,0.0
0.4174199461854937,-0.32171169441677866,1.0
0.09541661181985335,0.1837255159267503,1.0
0.9689463074426765,-0.9571921221876374,0.0
0.25994317613709034,0.10269126397317158,1.0
-0.1556564318867517,-0.15021237490813294,1.0
0.961766563164335,0.647509049373259,0.0
-0.292657169889595,-0.08445138606797059,1.0
0.7625300365615445,-0.843208072799484,0.0
0.3394460622103937,-0.0958225397181546,1.0
-0.07975391949349009,-0.9740224144636158,0.0
0.14094780793171202,0.12403904538934904,1.0
-1.1037173656962143,-0.09637756966097326,0.0
0.2909777351660266,0.2109147796605399,1.0
0.08145317345577768,-0.3616627789872219,1.0
0.31206206298575867,0.6791219363427232,0.0
0.3588011071604619,0.09364362019251542,1.0
0.11142604060376296,-0.13494985724987876,1.0
-0.5217424453959879,0.12161209309675074,1.0
-1.0143310158796632,-0.5493371415246076,0.0
-0.04882023009415457,0.2479524985695358,1.0
0.15720563781446495,-0.022740812851133035,1.0
-0.9517371850644776,-0.7183066235402569,0.0
-0.9328461039259641,-0.35004274853239203,0.0
0.29888029690877327,0.03346792059470252,1.0
-0.12595417931938768,-0.04303905440586159,1.0
-0.07048091699840947,-0.26467191616185126,1.0
-1.1634670963582703,0.17764683678495993,0.0
0.24597987253020298,0.03830052272010687,1.0
-0.03217738729591904,-0.332884887203325,1.0
0.035070960789030964,0.20339361562231972,1.0
0.6706081130253382,-0.22235254152128023,0.0
0.2689652407528593,0.1716385151212855,1.0
-0.08802330708732688,-0.044442623437562806,1.0
-0.27564974969300154,-0.05427053794895417,1.0
0.3157066684294137,0.48332634050671286,1.0
-0.72412065982882,-0.9627459134741068,0.0
0.1019146674315777,0.46171667906459635,1.0
-0.7283132547394222,-1.1927083354608417,0.0
-0.6537345908388287,0.9884682294080052,0.0
-0.23696033470294456,0.06667468894593215,1.0
0.3039241454809323,-0.22589477987489961,1.0
-0.5145140015498406,-0.07031724948242657,0.0
0.8433958122133063,-0.4331318253357306,0.0
0.08693433448870627,0.17028370323553454,1.0
-1.3195996682795281,-0.7827801575815495,0.0
-0.20722515288551024,-0.29876717391434787,1.0
-0.28567370079858423,-0.3512318028978729,1.0
-1.1628381750387857,-0.2827109966436262,0.0
0.5352788653078987,0.11772560936462947,1.0
-0.5706661883148598,0.7115811077714731,0.0
-0.9905411710327069,0.2382286779674342,0.0
-0.4138786956709336,-0.9439035646810946,0.0
-0.28368869129769725,-0.13880626724772588,1.0
0.6841225172534269,-0.3719651917280796,0.0
-0.1424051223085478,0.23812757033018417,1.0
0.9864826626289773,-0.0004777662499448887,0.0
1.065923156329977,-0.2539854620308442,0.0
1.2228895505514308,0.5519972814468382,0.0
-0.7345964216285504,0.7617725824338404,0.0
-0.013414984158127446,-0.05988503136958294,1.0
-0.3130424592200588,0.06837201532604162,1.0
-1.0511389390461423,-0.011865545818698364,0.0
0.903711776186326,-0.6414945619979389,0.0
-0.7959652869019356,-0.1051088052607111,0.0
0.10762840390285044,1.2410836290989562,0.0
-1.0016579158929735,0.6423091316198002,0.0
-0.038230818088068656,0.8525704127671346,0.0
0.008845352582903088,0.10515738389056918,1.0
-0.03297237853422719,0.11247527980609805,1.0
-0.12441279361259708,-1.3679727799299468,0.0
-0.3255752000136728,-0.9621234125886378,0.0
0.05487673331414025,0.13787965585063375,1.0
0.5073613799666284,-0.1750677222978216,1.0
0.08980635705319327,-0.15931025750065841,1.0
-0.13386183964786275,-0.1278527682200918,1.0
-0.5189416397764157,0.10106893205412414,1.0
-0.47443647091826235,-0.060025172253149545,1.0
-0.23840222336325279,0.06199745065792399,1.0
-0.036995351237210955,1.2841109878701102,0.0
-0.19650966126241634,-0.3019429127213377,1.0
1.2431969177717548,-0.33833508537313206,0.0
0.3055098408493584,-1.074766761956227,0.0
-0.16923186169279275,0.28631248095313977,1.0
0.5970484007559128,1.3785552555641842,0.0
0.8660579293171318,-0.0410906452068927,0.0
-0.2785911958001391,-0.019454093148257773,1.0
0.37849869472941966,-1.0886346228742874,0.0
0.8740407713764313,0.6275525887547503,0.0
-0.1546511093586492,0.02733533685309192,1.0
-0.3708456076921149,0.9593971525799098,0.0
-0.17463945203901016,0.0002059205202404671,1.0
0.15791274735695898,-0.4607130730240827,1.0
-0.986457172301308,-0.10874030279813438,0.0
-0.868232261013715,-0.5082103142688266,0.0
-0.03495759160277029,0.1591727829471369,1.0
0.02885220529666408,1.050936833003054,0.0
-0.17935022101841608,-0.9049758529891605,0.0
0.16078870606663026,0.9275645950029561,0.0
-0.44434963088067236,0.9666991292424274,0.0
-0.5019974579109475,-0.6942102731315188,0.0
0.16330196443106237,-0.1812081446497178,1.0
0.3744290299947571,-0.8632171118059335,0.0
0.43708657300292114,0.6921954398197422,0.0
-0.4071397744824409,-0.04400987889527326,1.0
-1.0036978561348906,-0.06571639769591633,0.0
-0.2582045199694739,-0.9255775260691455,0.0
-0.847270767173447,-0.5004989284852295,0.0
0.06992004696025503,0.26996194307472104,1.0
0.21986897120749846,0.26277826667285753,1.0
-0.425178177792768,-0.43558339117393513,1.0
0.34053682602814106,0.10996564967623562,1.0
-1.0053205568480892,-0.22718342675886388,0.0
-0.9525282970005282,-0.4648932661419987,0.0
0.626993003356409,0.59371810458927,0.0
0.08272761451147492,0.12502614763837794,1.0
-0.23988648724735362,1.2883374250859243,0.0
0.22103648919430138,0.01188066625718135,1.0
-0.06212129860046994,-0.008761552618091917,1.0
-0.7047124248871671,0.6503568574950156,0.0
-0.030567415011633983,-0.21779337997095488,1.0
-0.0981979236771254,0.2726155959836236,1.0
0.4520111192770911,0.15655707881446299,1.0
0.05693678271822659,0.14606059220854045,1.0
-0.17081752144838577,-0.05535017984709316,1.0
0.05536838131583865,-0.12510059103097743,1.0
-0.060700770383480845,0.021652798994253222,1.0
0.1308029949743349,0.37518529688289526,1.0
-0.23409087083518243,0.019944255619648826,1.0
-0.25126599647736597,0.04277230735174166,1.0
-0.554202194483704,0.43044577674641743,0.0
-0.009926095888509456,-0.4981875947293096,1.0
0.16852846775743727,-0.060435363223773075,1.0
-0.5716587206636927,-0.5749321598214744,0.0
-0.08213475705481549,-1.1224111440422126,0.0
-0.2603483996835604,-0.023837087903615994,1.0
-0.5602583327462944,0.8724398109978128,0.0
0.026304429955010422,0.29014423471695183,1.0
-0.14989062788163265,-1.3173469569772056,0.0
0.14799435565153868,-0.33100909623727237,1.0
0.7143287573943091,0.8802226672939206,0.0
-0.9196557924947277,-0.3707688300152918,0.0
0.027733709969852305,-0.21678654025953825,1.0
0.18011354628441964,1.002000939460959,0.0
-0.3429850624137055,-0.16143290210352423,1.0
-1.1673874153032435,0.20017470809039312,0.0
0.4003826020581176,-0.3601113830467348,1.0
0.6214159396975023,0.8245680346148145,0.0
0.12476932169395152,0.3414093114227439,1.0
-0.478729321650134,0.5375412817193012,0.0
-0.10785792808263095,-1.163147675750737,0.0
-0.025892603455670654,-0.04025157216438625,1.0
0.2556850001856664,1.2346400354815275,0.0
0.22294438105120445,0.16422862412705283,1.0
0.5770099415851728,0.0631678325775511,1.0
-0.9304299175221455,-1.0239276421156007,0.0
0.24796792231184722,-0.1328014201526776,1.0
0.03747482210942385,-0.21531985183499042,1.0
-0.12817179965072312,0.3845685621614209,1.0
-0.36171484199312703,0.09799391314458669,1.0
-0.34936721809471033,0.7863018059706989,0.0
-0.07631713153244293,0.5041671432959888,1.0
-0.06618393861457639,-0.04996592749416368,1.0
0.8645861400213244,-0.2956730489058202,0.0
-1.2198152695350402,-0.4937892726790539,0.0
0.03248931488943091,1.0929362414129233,0.0
0.3544074595814162,0.03561209465478775,1.0
-0.4672667868176237,-1.0010482340306996,0.0
0.8388019478180044,0.10854180699394167,0.0
-0.2517842841089297,-0.17765472533289828,1.0
0.70570335933499,0.4016437662208478,0.0
0.9581536113848664,0.0327328330949187,0.0
0.842606632252757,0.4083488942852201,0.0
0.0846374515399382,1.473106937166961,0.0
0.26805987052909735,-0.008282847776151847,1.0
-0.3346976715403245,0.01682433754757337,1.0
0.2239178501537208,1.2795760356763475,0.0
-0.011094903618480034,0.13502555483520706,1.0
-0.05705716711710346,-0.02037579558611055,1.0
-0.8005845616073775,1.092621856474144,0.0
0.337124207725111,0.9920104869980093,0.0
-0.16638688518491934,0.046469939164715916,1.0
0.605611115704286,-0.27501603114677053,0.0
-0.9796036330123656,0.5041477648180678,0.0
0.2843097588682487,0.6155502362536984,1.0
1.0611288055375734,-0.6285024082142194,0.0
0.8060471803719126,-0.7547138881080216,0.0
-0.33025582061066305,-0.06335014092235536,1.0
0.5485343463709236,1.1217544025318578,0.0
0.2355602781564916,0.4778221328662124,1.0
-1.0997131635085526,0.13097349637204747,0.0
0.7569390527461652,0.08780396130842105,0.0
-0.14506955672130165,0.07756152744681023,1.0
-1.110341738808754,-0.47168913631468423,0.0
-0.6437816943854717,-0.7176041745703775,0.0
-0.32816595872590026,-1.0625080712120973,0.0
0.2875220226787876,0.24999419269579293,1.0
-0.23130825755150433,-0.3202421499866332,1.0
0.6644761272878664,-0.39755976220346967,0.0
0.3763697434064525,0.22718095211986086,1.0
-0.3850560938315179,1.1430779445724801,0.0
0.9914682889221866,-0.07317756342398606,0.0
0.9677390902071434,-0.5413024701048749,0.0
0.3812288775215494,0.049589988424341175,1.0
0.4572742592014514,0.048580369213143904,1.0
0.23829116161067945,-0.2621512321008522,1.0
1.294872681734929,-0.21792609864087126,0.0
0.6787137890653725,1.1614124807367052,0.0
0.6399228741378709,-0.4308971128364785,0.0
-0.06617315321992068,-0.13588998080123244,1.0
-0.0047678505546052685,-1.3280774595160971,0.0
0.9540682940157944,-0.00720027482049735,0.0
0.11376168202554837,-1.0783798295770135,0.0
0.15999353474618833,-0.010254098593870803,1.0
-0.18503324906421736,-0.014218838640871784,1.0
-0.023983215631279253,0.021946565483579608,1.0
-0.30211170470944093,0.2595931489125488,1.0
-0.13678148421577768,-1.1123384263837726,0.0
0.1667814030662088,-0.5265382890368802,0.0
0.33580533682199715,0.12611102386534434,1.0
-0.054046518410789696,0.22114899242762148,1.0
-1.285763868828865,-0.2767181496835915,0.0
0.0758795106043854,-0.1458722723719213,1.0
0.609421208119292,0.029992110992273974,1.0
0.9578377776209046,0.7382026158622703,0.0
0.6311541436575357,-0.21895951497885263,1.0
-0.12619429065618837,0.9114458956257598,0.0
-0.26073161846164195,0.12349205169435615,1.0
-0.001197755614523767,-0.06896578481692262,1.0
0.2750255158891541,0.23367971194782142,1.0
0.2705905957807914,-0.24426580227097575,1.0
-0.29175813137093287,-0.06104268156906595,1.0
-0.4685384951733122,0.6834528145502556,0.0
-0.3620572173036571,-0.004165772483864322,1.0
0.646838790864631,0.6668773078173552,0.0
0.11895297120945893,-0.03592314162559622,1.0
0.3130422655731764,0.3493124946930124,1.0
0.952945529581126,-0.132369662586865,0.0
-0.15716838137063913,0.1272405008962459,1.0
0.037435446098355224,-0.07290012057761917,1.0
-0.12811432734962938,-0.1471024540748246,1.0
0.08413079887284583,0.0918920418878743,1.0
0.15137503606449404,0.45590446931789474,1.0
-1.3711919723675925,-0.059696988893775615,0.0
0.05599424314679613,-0.027608576158646564,1.0
0.7603404573790815,-0.5473549147199169,0.0
-0.9253218543705459,0.23992864323032936,0.0
0.14033514539004466,0.11760292847091657,1.0
0.13976374654458587,-0.12557688828475727,1.0
-0.4057257246038127,-1.2087989624126927,0.0
0.1347510418024821,0.3144293747995587,1.0
0.2789432757601814,-0.02005569372703997,1.0
0.5178143954726769,-0.7200889680441234,0.0
-1.1044566344668905,0.5818658173824289,0.0
-0.2541723350728483,-0.2606104754625056,1.0
-0.05478672018317207,0.03049287280297732,1.0
-0.19953647795071672,-0.010307976317881128,1.0
0.26685745057862625,-0.9863878379564289,0.0
-0.28425010334577927,1.0452424812082575,0.0
0.5574724209942724,0.41955769654641745,1.0
0.000964333724144506,0.2868027260702377,1.0
-0.1208484713481679,-0.15928693019098217,1.0
-0.28751309121131247,0.9634018101657381,0.0
-0.20270114809415613,-1.0763379592464626,0.0
-0.15963471816648306,-0.20053523742936016,1.0
-0.18451688162465715,-0.17025484295393625,1.0
0.2555737889167652,0.34411390125998703,1.0
0.01605238543467702,0.31478629053796375,1.0
-0.4451325404108265,-0.9478376756867334,0.0
-0.7726535813342811,-0.46494441327243174,0.0
-0.0868751200564471,0.3482337499780122,1.0
-0.11899831322654061,0.24594423676835642,1.0
-0.4153178211611891,0.1855722345612808,1.0
-0.22730411445040635,-0.10591117477797388,1.0
0.8527668854564263,-0.6721566978401149,0.0
0.28724026214160603,-1.0209960936743498,0.0
1.1165351440734839,0.0945428044528283,0.0
-0.24828070295505184,1.2656767724698215,0.0
0.48550682760689795,-1.1797505376297812,0.0
0.06945222050762641,0.24417715815444369,1.0
-0.176245207426936,0.10337148992742533,1.0
-0.3059665992007146,0.037487700612690245,1.0
0.1246746457100897,-0.02327668581708714,1.0
-1.0048243906456282,-0.365061517901893,0.0
-0.4227638485347337,0.028794869054593566,1.0
-1.1269591888524275,-0.24101093843138854,0.0
-0.05898578394408821,-0.9479459014581907,0.0
0.010274410703014693,-0.5051857666354045,1.0
0.28923728821620587,-0.06723469115829682,1.0
-0.8745191617667414,-0.9557539182100815,0.0
-0.1454160625658948,-0.2891835126573659,1.0
0.02382069291710961,-0.6290151933535437,1.0
1.3166176607727031,0.06442789827728429,0.0
0.46260411733751094,-1.009062331076376,0.0
0.2923633700140107,0.20514288666353006,1.0
-0.7806483001974409,0.356166729521373,0.0
0.45757859197022,0.927709202379924,0.0
0.9748749573233536,0.08068661003031881,0.0
-0.7580221093787356,0.7066113817758923,0.0
-0.31336835930225043,0.0435194047616992,1.0
-0.053833299366360915,0.11765237988452873,1.0
0.1805659608512281,0.31586663952863486,1.0
0.003975841395905372,0.19806340717220605,1.0
0.1244431615954951,-1.158334273549696,0.0
-0.7465761546943848,0.06937664714211558,0.0
-0.19770702213532906,0.3535888513672164,1.0
-0.06742538315143493,0.12351816885310798,1.0
0.09184017298714,-0.1692679150039765,1.0
-0.7496219197537132,-0.5940549553966872,0.0
-0.8393572236842322,0.5332290064566437,0.0
0.9541972891998346,0.03899791974573552,0.0
-0.014834342529371436,-0.3794662181900992,1.0
-0.03636219938494373,0.4285981271492182,1.0
-0.2727124124007999,0.4100297242663788,1.0
-0.366496157296035,-0.7741260674162168,0.0
-0.07663062593625153,-0.14163672616677586,1.0
-0.23206844627466303,-0.1272811726315688,1.0
0.2306662483700621,0.09391069637783989,1.0
-0.19520208910562464,-1.1575708165797887,0.0
0.17895036545083193,0.9221087143343192,0.0
-0.31950110123584724,-0.6468831737905227,0.0
0.4944533156694993,0.17937631238369087,1.0
-0.01557604939832874,0.2473602216878787,1.0
0.40281767361435333,0.0172119222924757,1.0
-0.6423723090748988,-0.8638775783943035,0.0
0.6023421380859548,-0.9368500231478588,0.0
-1.0120183636447921,-0.5559487459706964,0.0
0.33719140692738403,1.1571270647473715,0.0
-0.08676355675867135,0.1624409990331471,1.0
-0.16942124487845653,0.05741063699098055,1.0
-0.5560305378709605,1.012343785857959,0.0
0.4022538916655358,0.2689546033904141,1.0
0.18590840548382936,-0.8495454202334853,0.0
0.7900811339240266,-1.1599117594134423,0.0
-0.048713427253007646,0.31574073208400655,1.0
0.10024264525795817,-0.006503452699672799,1.0
0.2885198686357984,-0.09623626424898601,1.0
-0.4618855784594346,0.5700953488232793,0.0
-0.21004265535442113,0.21960725127516234,1.0
0.07006774306903385,-1.0028132098539315,0.0
-0.1338703377578448,0.209442610535101,1.0
-1.0442369573376553,-0.06923261276489409,0.0
-0.08131512544015804,0.08072528760838728,1.0
-1.1046800115814037,0.48411652499487257,0.0
-1.1850750989976626,0.4181595490057015,0.0
0.300905898083778,-1.005988890140717,0.0
-0.11055586066627718,0.1892063198779677,1.0
-0.037021214331959845,0.10287700798334279,1.0
0.23055281451341664,-1.0946361280508354,0.0
0.5825030286776435,0.12164519564719294,0.0
-0.048576067983031546,0.7422199420123019,0.0
0.14294050715683085,0.7434248335211622,0.0
0.34083629544768324,0.7855868525105081,0.0
0.33156973716136035,-0.08217348023491636,1.0
-1.2798760463696197,-0.45314210923545334,0.0
-0.32630949782131025,1.3567594945696615,0.0
-0.21796896858134318,0.4841646116104895,1.0
1.7054294682017357e-06,0.15869684483425825,1.0
-0.7328309665978769,-0.9365824688939951,0.0
-0.5412702508818312,-0.8246498855565784,0.0
-1.1625855325715935,0.6454827808940801,0.0
-0.4534791016421121,0.05414530416697985,1.0
0.2941984736251426,0.01614815152697409,1.0
-0.2854368305678736,0.2321949222219952,1.0
-0.017033295811297477,0.018366953915245343,1.0
-0.1380383885238442,1.207146918467079,0.0
0.21528297399964644,-0.43172841312519816,1.0
-1.2185775304961524,0.009869604136198779,0.0
0.7575694391065211,-0.42427426066069884,0.0
0.13983589284292464,-0.4235307874983093,1.0
-0.049621241471423355,-0.08772052071982817,1.0
1.0212968281495505,-0.29762983189611325,0.0
0.29052621409831475,0.0245020491938654,1.0
-0.29599551735119217,0.18913321459358579,1.0
-1.0316444190109355,0.13941778495418283,0.0
0.25263688732082556,-0.583752945366449,1.0
-0.45770255084214445,0.010705456289138882,1.0
0.6302621319026995,-0.9298260023403936,0.0
0.19530049422532483,-0.025896907175623894,1.0
0.7765669928570365,-0.5981458875316616,0.0
0.02686784782237142,0.3137675994861423,1.0
0.13016445808804308,-0.23404073500511735,1.0
0.65370786151795,-0.8086441288887583,0.0
-0.18627464519529296,-1.0626816155992205,0.0
-0.7973756093589658,0.5265419904462775,0.0
0.08646425655204315,0.021332869984922107,1.0
-1.1116660456043004,0.3036258113295952,0.0
-0.10147846669498488,0.07005231353688343,1.0
0.3852303402538461,-0.7627698825034792,0.0
0.300273170013882,-0.02849902177001054,1.0
0.009684075508137935,0.17198862588755037,1.0
-0.9583812630584209,-0.5931644250369541,0.0
-0.17635246367437435,0.09148856420332996,1.0
1.172982678113495,-0.07679135955001659,0.0
-0.39785417391433897,0.3709591179512637,0.0
0.7267999641458679,-0.8175729603610933,0.0
-0.6778120375235834,-0.5594273619486416,0.0
0.22290573719980594,0.3405311787316392,1.0
-0.5029300629726632,0.5231631636496953,0.0
-1.123248406019573,-0.17510712821355146,0.0
-0.11071904944040667,-0.30978043857494947,1.0
-0.8581822629853572,-0.6685797955870848,0.0
0.6805893182424374,-0.3709608607308008,0.0
-0.14570424548279395,-0.10815397905891155,1.0
0.14757101888206908,0.14955538057585355,1.0
-0.8377905123266447,-0.7160808464255828,0.0
0.4246285448454406,0.301604654439831,0.0
-0.07623211614186312,-1.1160898051685477,0.0
0.08431601259009686,-0.031090041366283766,1.0
0.0940943308283664,0.19276349543454852,1.0
-0.3189252581648391,-0.782676386326151,0.0
1.0805496471567337,0.020146427143713397,0.0
-0.6891759228840176,-0.6210884881596934,0.0
-0.014917932517484377,0.16308623256426538,1.0
-0.22572406571634557,-0.6605969619046375,0.0
0.7560075871443577,-0.38987061284468255,0.0
-0.11739787550750024,-0.22123790870397578,1.0
-0.0006152588682644075,-0.870391327219887,0.0
0.423407432543125,-1.2883346170349195,0.0
-0.07609974008259532,0.9193235898347069,0.0
-0.19824515550243907,-0.43708992997405127,1.0
0.5777734242393775,0.1966945206677788,1.0
-0.3642320430015439,-0.022922283267275634,1.0
1.2482429122281022,-0.18312648030383918,0.0
0.472026302698798,-0.05161596267860498,1.0
-0.5359208453667642,-0.807923158661749,0.0
0.19269941276012476,-0.6029284539846547,0.0
-0.6716176672586079,-0.857653573111664,0.0
-0.02553385032571781,0.02514611247472004,1.0
0.0034665753608850297,-0.14581949931509158,1.0
0.08902425987330101,0.3043497222005898,1.0
0.21940577557178723,-0.11001367533745651,1.0
0.07581439169910292,0.659922623733445,0.0
0.6522322599423871,-0.9972947888329896,0.0
-1.1631868300851964,-0.8215918700987387,0.0
-0.22517673661181653,0.16001897360994988,1.0
-0.5943621015537832,-1.0063070903756106,0.0
0.3175260975932336,-0.31876459816939506,1.0
0.03040178996791333,-0.09673497629938556,1.0
-0.3894357518409898,-0.12351622592450047,1.0
0.15120795284033434,-0.06242114059763604,1.0
-0.012512642982135141,-0.15086090001475294,1.0
0.9982922631947687,0.1168478973273242,0.0
0.6242576527689419,0.18174546967756067,0.0
0.7039085681819217,0.3696784752610557,0.0
-0.19951517989202439,-0.030841304703772277,1.0
0.4115086710997934,-0.14613568382983722,1.0
0.013185109665536168,0.2953001873635207,1.0
-0.8290506607145384,-0.5446995952194177,0.0
-0.8151299148693905,-0.7839343833625283,0.0
-0.667302760288518,-0.8749675492154305,0.0
0.022575449544761983,0.038306642476895844,1.0
-0.23207657277305158,-0.2362103605875475,1.0
-0.8940564527545268,-0.2464664924476951,0.0
0.29469117758540886,-0.1116454731772596,1.0
0.7691647422112508,0.6536242120010325,0.0
0.28395629078008894,0.37632698116719304,1.0
0.5537988772589758,-0.005803528718610743,1.0
-0.8735246883621741,0.4322334409047022,0.0
-0.032106809612467035,0.09551063343106926,1.0
-1.0970857821664441,0.6479030454643624,0.0
0.8344878486872408,0.1776000311049405,0.0
-0.09270880736415514,0.20847473745741266,1.0
0.4995229633563981,0.3054586547209075,1.0
-0.04961066617495265,0.3632600086740957,1.0
0.05526741255912346,-0.3768747961951653,1.0
-0.706262943453396,0.7866230539655008,0.0
0.6541883302940716,-0.13578122637803605,1.0
-0.7402251439597188,0.9513034991802563,0.0
1.0646292339877852,0.6921540741979464,0.0
-0.04834951458183645,-0.31682690932810603,1.0
-0.21171599064226393,0.24432079185995195,1.0
-0.6501563496218619,-0.0409335491873096,0.0
0.9478250755546282,0.26467399230277033,0.0
-0.6316798484721853,-0.8866858790144238,0.0
0.35310657625304454,0.3064315925599863,1.0
0.18236343052319426,1.099894435314178,0.0
-0.00992596219731437,-0.08363446133555934,1.0
-0.0856818090078461,0.06451247408387868,1.0
0.2934361450010687,0.12360169463922549,1.0
0.2464038073583937,-0.9279682580582324,0.0
-0.782108971112749,-0.5091401210385637,0.0
0.5417720302330582,1.2551269118870938,0.0
-0.10357786243977837,0.15960772575290413,1.0
0.05939887048655944,0.39907539252080415,1.0
-0.7331323459096019,-0.7172855843338548,0.0
-0.5536461433741047,-0.2269753692999377,1.0
-0.222856653933682,0.17410137667197562,1.0
-0.6131602992272845,0.6277701151679606,0.0
-0.7763368387794071,0.9620347542011853,0.0
-0.3101531531025664,-0.002675108270052684,1.0
0.01704016546193174,0.4578371068996853,1.0
0.6920835230024518,-0.04185135557286875,1.0
-0.07178511502309012,0.09517610983913871,1.0
0.9905323195977147,-0.2872431669314007,0.0
-0.04924278796761755,-0.09319272396828457,1.0
-0.9240711216718254,-0.3280868561114588,0.0
0.9948620170639884,-0.864546568741613,0.0
0.22496222571648553,0.9459012417485935,0.0
-0.27679233715329155,0.0356561372192331,1.0
-0.2513872838576118,-0.9609465112036992,0.0
-0.6765713441315382,0.4463206632134562,0.0
0.01846917991754693,-0.15707684750675505,1.0
-0.26062265848469796,-0.20202523732974492,1.0
0.3539826322985434,0.4431083143398349,1.0
1.0590736088959745,0.6636815542938337,0.0
-0.49064823352809017,-1.2512770790941439,0.0
0.28762529397940956,-0.3195768167166679,1.0
-1.0406220141275682,-0.35263652157001824,0.0
-0.26153003464146357,-1.00164768579036,0.0
0.9640549450508651,-0.409688817439361,0.0
-0.2167600749146035,-0.26175046697538956,1.0
-0.006507528597334861,-0.26800546875469844,1.0
-0.12717714556133894,-1.056095520447584,0.0
-0.7048775265071334,-0.026165532609926833,1.0
-0.14311076302607698,0.31605506686695184,1.0
-0.9391128091460598,-0.025313746603821213,0.0
0.020589700752882314,-0.28335811424794133,1.0
-0.6733146723794704,0.5520494379438148,0.0
-0.9043609574781267,-0.15562367425687873,0.0
0.8654923540326614,-0.5618405907058556,0.0
0.03927264032790523,-0.14239580881942954,1.0
-0.9313413541560931,0.09459427774422755,0.0
-0.07458794298039195,0.1358168045165269,1.0
0.13998754666188404,-0.09991595529704758,1.0
-0.14351575701454786,1.214960745177384,0.0
-0.9342844687757871,-0.34020786409847636,0.0
-0.24324824055181676,0.15895210350158237,1.0
0.09845480603849477,-0.21426292456590476,1.0
-0.5169453095298587,-1.0102400962148326,0.0
-0.025757026953687423,0.7842654053905361,0.0
0.08274081425840951,-0.33456725131442244,1.0
0.1463081680114724,0.06515756912967385,1.0
-0.2002589805633932,0.054385224594249465,1.0
0.09697032150497378,-0.09029179371346133,1.0
-0.19106266081128512,-0.5377818063362624,0.0
0.050854004348619836,-0.29302556992959866,1.0
-0.09172271695641476,0.00592363604025924,1.0
0.06405124908173399,-1.026652029404847,0.0
-0.7658903526809203,0.6466428486556187,0.0
0.16322813044676715,-0.1392223530466049,1.0
0.44107190327217016,0.08963665411449982,1.0
0.009289786962675683,1.0187020001701355,0.0
0.30084740060035825,-0.055267898533497783,1.0
0.06982803575002183,0.385190731423323,1.0
-1.0156641136842504,0.047048613865785724,0.0
1.0546135894890942,0.7850292295399145,0.0
-0.7206264451976961,-0.14599853234831725,1.0
-0.2335848323454226,-0.09091824832085349,1.0
-0.5995523014095931,-0.4188172732654176,0.0
0.7137233496073925,-1.2866701810171572,0.0
0.014970637159613998,0.20659160888131456,1.0
0.7842312580661214,0.2386318974127552,0.0
-1.114962075443892,0.5707413088812869,0.0
0.9854510539439776,0.26780467145381875,0.0
-0.9197637085302591,-0.43504410169345176,0.0
-0.24514294963745892,0.09308912420254259,1.0
-0.2106564179741002,-0.20814875880907405,1.0
0.353759340279847,-0.878186745288892,0.0
-0.7730662005623623,-0.5585953273207905,0.0
-0.3229388691391627,0.061006102637196497,1.0
0.546793999586998,0.33642988607614344,1.0
0.3438495949215318,-0.25671460224120307,1.0
0.29250807825062153,-0.019683756079401066,1.0
0.6328747500518754,0.6316658640785598,0.0
-0.6249378784668577,1.20229854531263,0.0
0.1487257291143695,0.06810612223033577,1.0
0.889388671846599,0.48288736031521007,0.0
1.1095606499699102,0.4897027918171121,0.0
0.901210623648079,-0.780496453246319,0.0
0.5681045576210767,0.8199785729716923,0.0
1.2535580951627405,0.8582100236903619,0.0
-0.09438629218212802,0.018774103621450017,1.0
-0.24328384103944894,0.03499799283217244,1.0
0.8344588559756326,0.2588773211038953,0.0
-0.4166641427308932,-0.11917979234298703,1.0
-0.26739471816108107,-0.06477826066253815,1.0
0.1466988588561913,-0.057755225277442535,1.0
0.43600827230823846,-0.20517558169126382,1.0
0.041167852224341064,-0.25484740287062535,1.0
